tipo,oferente,programa,pais,institucion,area,modalidad,fecha_limite,estado
Pregrado,Saint Mary College of California,International Student Scholarships,Estados Unidos,Varias,Varias áreas,Presencial,2026-11-01,VIGENTE
Formación Maestría,"El Ministerio Holandés de Educación, Cultura y Ciencia","Beca Holanda – Holland Scholarship, 2023-2024",Holanda,Varias Universidades,Varias áreas,Presencial,Depende de la universidad,
Seminario,Fulbright Ecuador,Programa Fulbright de Excelencia en Enseñanza para Profesores de Secundaria,Estados Unidos,En una universidad anfitriona,"Inglés, Matemáticas, Ciencias, Ciencias sociales, Comunicación, Educación especial",Presencial,2026-02-18,
Maestría,The Faculty of Science of the University of Geneva,University of Geneva Excellence Masters Fellowships,Suiza,University of Geneva,Varias áreas,Presencial,2026-02-28,
Pregrado,Universidad de Carolina del Sur,University Scholarships and Assistantships,Estados Unidos,International Student Services,Varias áreas,Presencial,2026-10-15,
Maestria - Doctorado - Especialidad,International Cooperation and Development Fund - Taiwan - ICDF,Becas ICDF,Taiwán,Varias,Varias áreas,Presencial,2026-03-15,
Posgrado,Royal Society,Newton International Fellowships,Reino Unido,The Royal Society,Ciencia,Presencial,2026-03-11,
Formación,The Government of Canada,Emerging Leaders in the Americas Program,Canadá,Universidad de Canada,Varias áreas,Presencial,2025-03-18,
Maestría,University of the West of England Bristol,UWE Chancellor’s Scholarships for International Students,Reino Unido,University of the West of England Bristol,Varias áreas,Presencial,2026-06-30,
Pregrado,NUI Galway,NUI Galway International Student Scholarships 2024,Irlanda,Oficina Internacional,Varias áreas,Presencial,Junio o Agosto (Depende del programa),
Pregrado,Concordia University Ann Arbor,Ayuda financiera para Estudiantes Internacionales,Estados Unidos,Admisiones y ayuda,Varias áreas,Presencial,2026-05-01,
Maestría,Universidad de Birmingham,Becas de posgrado impartidas en Birmingham Business School,Reino Unido,Universidad de Birmingham,Tecnología Financiera,Presencial,2026-05-31,
Maestría,AUIP,Becas Internacionales,España,Universidad de Europa,Varias áreas,Presencial y Mixto,2026-06-30,
Pregrado,International Students,Global Ambassador Scholarship,Reino Unido,Aston University,Varias áreas,Presencial,2026-03-31,
Pregrado,MCI Entrepreneurial School,Beca de Pregrado en Diversas Áreas,Austria,MCI Entrepreneurial School,Varias áreas,Presencial,2026-03-30,
Pregrado,Ball State University,Financial Aid and Scholarships,Estados Unidos,Financial Aid and Scholarships,Varias áreas,Presencial,2026-06-01,
Pregrado,OFFICE OF INTERNATIONAL PROGRAMS,Undergraduate International Merit Scholarships,Estados Unidos,Universidad del Sur de Maine,Varias áreas,Presencial,2026-05-30,
Posgrado,The University of Queensland,Science International Scholarships,Australia,The University of Queensland,"Ciencias naturales, salud, agricultura.",Presencial,2026-07-30,
Maestría,MALAYSIA INTERNATIONAL,Malaysa International scholarship (MIS) 2024,Malaysa,Varias Universidades,"Educación, artes y humanidades, administración, ciencias naturales, matemáticas, ingeniería, ciencias de la salud.",Presencial,2025-06-26,
Postgrado,King Fahd University of Petroleum &Minerals,KFUPM GRADUATE STUDENTS,Arabia Saudí,King Fahd University of Petroleum &Minerals,Ing Quimica,Presencial,2024-06-29,
Maestría,GRUPO DE UNIVERSIDADES IBEROAMERICANAS LA RÁBIDA,Ayudas para cursar Másteres Universitarios de la UNIA,España,Universidad Internacional de Andalucía (UNIA),"Artes y Humanidades,Ciencias, Salud, Ciencias Sociales y Juridicas, Ingenieria y Arquitectura",Presencial,2025-06-11,
Pregrado/Posgrado,University of Plymouth,Postgraduate scholarships for international students,Reino Unido,University of Plymouth,Varias,Presencial,2025-06-30,
Maestría,Frankfurt School of Finance & Management,Programa de Becas de la Escuela de Frankfurt,Alemania,Escuela de Frankfurt,Varias áreas,Presencial,2026-05-31,
Formación,Universidad Internacional Isabel I de Castilla,Oferta de Becas Internacionales para Programas de Grado otorgados por la Universidad Internacional Isabel I de Castilla,Ecuador,Universidad Internacional Isabel I de Castilla,"Ciencias sociales y del comportamiento, Educación comercial y administración, Tecnología de la información y la comunicación TIC, Servicios de seguridad",En Línea / Semipresencial,2026-05-29,
Doctorado,Rosa Luxemburgo Stiftung,"Becas de Doctorado para estudiantes internacionales de la Fundación Rosa Luxemburgo, 2024-2",Alemania,Varias,Varias áreas,Presencial,2026-10-01,
Maestría,Rosa Luxemburgo Stiftung,"Becas para estudiantes internacionales de la Fundación Rosa Luxemburgo, 2024-2",Alemania,Varias,Varias áreas,Presencial,2026-10-01,
Postgrado,Universidad Nacional de Seúl (SNU),Beca Completa SNU en Corea del Sur Para Latinos 2025,Corea del Sur,Universidad Nacional de Seúl (SNU),Varias áreas,Presencial,2026-03-04,
Maestría / Dostorado,GIST,"Beca GIST para estudiantes internacionales en Corea del Sur, primavera 2024",Corea del Sur,Instituto de Ciencia y Tecnologia de Gwangjiu,"Ciencias naturales, exactas y de la computación. Ingeniería, manufactura y construcción",Presencial,2026-09-02,
Posdoctorado,Trent University,CAEL Scholarship,Canadá,Cael,Idiomas,Presencial,2026-01-20,
Pregrado,Canadian Mennonite University,Scholarships: Science Merit Awards,Canadá,Varias,Ciencia,Presencial,2026-02-28,
Formación,UNESCO y el Gobierno de la República Popular China,"Becas ""La Gran Muralla"" de la UNESCO y el Gobierno de China, 2024-2025",China,Universidades chinas,"Agronomía, Artes y Humanidades, Ciencias Naturales 
y Exactas, Salud,Computación, Administración,
Ingeniería, Manufactura y Construcción",Presencial,2026-01-23,
Maestría,Fundación Boustany y la Universidad de Harvard,Becas Boustany MBA Scholarship,Estados Unidos,Universidad de Harvard,Ciencias Sociales,Presencial,2027-05-31,
Pregrado/Posgrado,Universidad Metropolitana de Manchester,BECAS INTERNACIONALES DEL MANCHESTER METROPOLITAN,Reino Unido,Becas y financiación internacionales,Varias áreas,Presencial,2026-07-31,
Doctorado/Maestria,Gobierno de USA,Fulbright Foreign Student Program in USA,Estados Unidos,Varias,Varias áreas,Presencial,DEPENDE DE LA UNIVERSIDAD(entre feb y oct),
Pregrado,Universidad Leibniz de Hannover,Apoyo financiero para estudiantes internacionales,Alemania,Oficina internacional,Varias áreas,Presencial,"Enero, Marzo, Junio, Octubre",
Pregrado/Posgrado,International Office,Fees-and-scholarships,Irlanda,Dublin City University,Varias áreas,Presencial,2026-07-01,
Pregrado,Universidad de Palermo,Becas ERSU,Italia,ERSU,Varias,Presencial,2024-08-01,
Pregrado,Everett Community College,Scholarships for International Students,Estados Unidos,International Education,Varias áreas,Presencial,2026-02-28,
Maestría,OAS-Universidad Europea,Programa de Descuentos Académicos OEA-UE,España,European University,Varias áreas,Virtual,2026-03-31,
Pregrado/Posgrado,De Montfort University,DMU International Scholarship,Reino Unido,De Montfort University,"Ciencias puras y aplicadas, administración",Presencial,2024-08-23,
Doctorado,DAAD,Becas para Doctorado completo (3 a 4 años),Alemania,Oficina Regional del DAAD,Varias áreas,Presencial,2026-05-01,
Investigación,URA-member universities,URA Visiting Scholars Program,"Italia, Japón, USA y Reino Unido",URA-member universities,"Experimentos de física de alta energía, astrofísica, teoría, física de aceleradores, ciencia de materiales, informática, ingeniería e Investigaciòn y desarrollo de aceleradores relacionados con la misión Fermilab.",Presencial,2026-02-23,
Doctorado,DAAD,Postdoctoral Researchers International Mobility Experience (P.R.I.M.E.)(18 meses),Alemania,Oficina Regional del DAAD,Varias áreas,Presencial,2026-05-01,
Doctorado,DAAD,Becas para estancias de investigación ( 7 a 12 meses),Alemania,Oficina Regional del DAAD,Varias áreas,Presencial,2026-05-01,
Maestría,City University of London,Beca de Excelencia Internacional SHS (IES),Reino Unido,Facultad de Ciencias de la Salud.,Ciencias de la Salud,Presencial,2026-01-09,
Pregrado,Universidad de Sunshine Coast,Becas Start Online & Save (SOS),Australia,Becas para estudiantes internacionales,Varias áreas,Presencial,2026-05-31,
Pregrado,Universidad de Tulane,International Student Financial Aid,Estados Unidos,Universidad de Tulane,Varias áreas,Presencial,2026-02-15,
Pregrado,Instituto de Tecnología de Nueva Jersey,Elegibilidad para becas basadas en méritos,Estados Unidos,Eligibilidad,Varias áreas,Presencial,2026-03-01,
Formación,Fundación Botín,Becas Completas Fundación Botín 2024,Colombia/Brasil/España,"Universidad de los Andes, Colombia.
Madrid – Salamanca, España.
Rio de Janeiro, Brasil.",Varias áreas de estudio,Presencial,2024-07-31,
Maestría,Tsinghua University,"Beca Schwarzman Scholars para máster en China, 2024",China,Tsinghua University,Administración y Ciencias sociales,Presencial,2026-09-01,
Formación,Schwarzman Scholars,Master of Global Affairs degree,China,Tsinghua University,Educación comercial y administración,Presencial,2026-09-01,VIGENTE
Doctorado,Swansea University,Postgraduate International Excellence Scholarship,Reino Unido,Swansea University,Varias áreas,Presencial,2025-07-15,
Pregrado,Gobierno de Canadá,"Becas Banting Postdoctoral Fellowships, 2023",Canadá,Varias,"Ciencias naturales, exactas y de la computación. Ciencias sociales, administración y derecho. Ingeniería, manufactura y construcción",Presencial,2024-09-17,
Pregrado,GENESEO,Tuition Cost and Scholarships for International Students,Estados Unidos,Varias,Varias áreas,Presencial,2026-10-01,
Maestria,Fundación Rosa Luxemburgo.,"Becas para estudiantes internacionales de la Fundación Rosa Luxemburgo, 2023-2",Alemania,Fundación Rosa Luxemburgo.,"Agronomía y veterinaria, Educación, Salud, Servicios
Artes y humanidades, Manufactura y construcción
Ciencias naturales, exactas y de la computación
Ciencias sociales, administración y derecho, Ingeniería",Presencial,2026-10-01,
Maestria,OEA,"Becas OEA – Structuralia, 2025",España,La Organización de Estados Americanos,"Ciencias naturales, exactas y de la computación
Ciencias sociales, administración y derecho
Ingeniería, manufactura y construcción, Servicios",En linea,2026-04-30,
Maestría,Chulabhorn Graduate Institute,"Becas de Posgrado en Tailandia en el Chulabhorn Graduate Institute, 2025",Tailandia,Chulabhorn Graduate Institute,"Ciencias Naturales, Exactas y de la Computación",Presencial,2024-09-30,
Maestría,Universidad de Dalarna en Suecia,Becas de la Universidad de Dalarna en Suecia,Suecia,Universidad de Dalarna en Suecia,"Estudios Empresariales Internacionales, Ciencia de 
datos, turismo, Ing de materiales y diseño de productos.",Presencial,2026-02-15,
Formación,Funiber,"Becas FUNIBER de Excelencia Académica LATAM, 2023-2024",España,Universidad Europea del Atlántico.,"Agronomía y veterinaria,Artes y humanidades, Ciencias naturales, exactas y de la computación, Ciencias sociales, administración y derecho, Educación, Ingeniería, manufactura y construcción, Salud, Servicios",Presencial,2026-10-15,
Pregrado,Lincoln University,Lincoln University International Undergraduate Scholarship,Nueva Zelanda,Varias,Varias áreas,Presencial,2026-06-30,
Pregrado,Lincoln University,Lincoln University International Pathway Merit Scholarship,Nueva Zelanda,Varias,Varias áreas,Presencial,2026-10-31,
Pregrado,The University of British Columbia,International Scholars,Canadá,Varias,Varias áreas,Presencial,2026-11-15,URGENTE
Investigación,Radcliffe Institute for Advanced Study de la Universidad de Harvard,"Becas del Radcliffe Institute for Advanced Study de la Universidad de Harvard, 2024-2025",Estados Unidos,Universidad de Harvard,Varias áreas,Presencial,2024-10-03,
Maestría / Doctorado,Universidad de Deakin,HDR Scholarship - Research Training Program Scholarship (RTP) / Deakin University Postgraduate Research Scholarship (DUPR),Australia,Universidad de Deakin,Varias áreas,Presencial,2026-03-13,
Posgrado,Stanford University,"Becas Knight Hennessy en la Universidad de Stanford, Estados Unidos, 2024-2025",Estados Unidos,Stanford University,Varias áreas,Presencial,2026-10-09,
Posgrado,The University of Sydney,Vice-Chancellor's International Scholarships Scheme,Australia,The University of Sydney,Varias áreas,Presencial,2026-03-23,
Prácticas,Organización para la Cooperación y el Desarrollo Económicos (OCDE),"Programa de Pasantías de la OCDE en París, Francia, 2022",Francia,Empresas para prácticas en Paris,"Agronomía y veterinaria, Artes y humanidades, Ciencias naturales, exactas y de la computación, Ciencias sociales, administración y derecho,Educación, Ingeniería, manufactura y construcción, Salud, Servicios",Presencial,2025-10-15,VIGENTE
Posgrado,Unión Europea,Becas globo común (SENESCYT),España,Universidad Europea,"Biomédicas, educación, empresa, STEAM, jurídico",Virtual,2026-04-01,
Posgrado,La Universidad de  Oxford,"Beca Reach Oxford Scholarship para países en desarrollo en la Universidad de Oxford, 2025",Reino Unido,La Universidad de  Oxford,Varias áreas,Presencial,2026-01-31,
Posgrado,Lincoln University,Lincoln University Doctoral Scholarships,Nueva Zelanda,Lincoln University,Varias áreas,Presencial,2026-10-01,
Posgrado,University of Canterbury,NZ SFPE Fire Engineering Scholarship,Nueva Zelanda,University of Canterbury,Ingenierías,Presencial,2025-11-01,
Formación,La Universidad de MiamI,Becas Universidad de Miami para estudios de Grado 2025,Estados Unidos,La Universidad de MiamI,Varias áreas,Presencial,2026-12-01,
Doctorado,DAAD,Research Grants in Germany,Alemania,Universidad Alemana,Varias áreas,Presencial,2026-10-30,
Maestría / Doctorado,Gobierno de Canadá,Becas Vanier Canadá,Canadá,Universidades canadienses subscritas,"Ciencias naturales, Ingenieria, Ciencias sociales y humanidades",Presencial,2024-10-30,
Formación,Global Affairs Canada y es gestionada por la Secretaría Internacional de UMAP,"Becas UMAP - Canada Scholarship Program, 2024-2025",Canadá,Universidad de Canada,Varias áreas,Presencial,2025-03-31,
Maestría,OEA-Universidad Europea,Convocatoria de becas PAEC Universidad Europea - OEA,España,Universidad Europea,Varias áreas,Virtual,2026-10-01,
Formación,Universidad de Oxford,Beca Completa Clarendon 2025,Reino Unido,Universidad de Oxford,Varias áreas,Presencial,2026-12-01,
Pregrado,The University of Queensland,Beca Destino Australia (estudiantes internacionales),Australia,The University of Queensland,Varias áreas,Presencial,2026-03-08,
Maestría,ETH Zurich,Excellence Scholarship & Opportunity Programme,Suiza,ETH Zurich,Ingeniería,Presencial,2024-11-30,
Maestría,University of the Fraser Valley,International Regional Entrance Scholarship,Canadá,University of the Fraser Valley,Humanidades,Presencial,2026-03-01,
Pregrado,The University of Winnipeg,President’s Scholarship for World Leaders,Canadá,The University of Winnipeg,Humanidades,Presencial,2026-10-31,
Postgrado,Universidad de Oxford,Becas Completas Rhodes en Reino Unido 2025,Reino Unido,Universidad de Oxford,Varias áreas,Presencial,2024-11-01,
Postgrado,Universidades de Eslovaquia,Universidades de Eslovaquia,Eslovaquia,Universidades de Eslovaquia,Varias áreas,Presencial,2026-04-30,
Formación,Instituto de Ciencia y Tecnología de Okinawa,OIST Research Internship Program Description,Japón,Instituto de Ciencia y Tecnología de Okinawa,Varias áreas,Presencial,2026-03-31,
Postgrado,Comisión para Países en Desarrollo de la Unión Matemática Internacional,Abel Visiting Scholar Program,Alemania,Abel Visiting Scholar,Matematicas,Presencial,2025-04-30,
Pregrado,Universidad de York,Becas de la Universidad de York en Canadá,Canadá,Universidad de York,Varias áreas,Presencial,2026-04-01,
Doctorado,Universidad de Victoria de Wellington,Wellington Doctoral Scholarship,Nueva Zelanda,Universidad de Victoria de Wellington,Varias áreas,Presencial,2026-03-01,
Pregrado/Maestría,Universidad de Alabama en Birmingham,Becas para estudiantes internacionales de la Universidad de Alabama en Birmingham,Estados Unidos,Universidad de Alabama en Birmingham,Varias áreas,Presencial,2026-05-01,
Doctorado,Gerda Henkel Stiftung,"Beca Doctoral de la Fundación Gerda Henkel, 2025",Alemania,Gerda Henkel Stiftung,Arqueologia y Arte,Presencial,Todo el año,
Postdoctoral,Fundación Alexander von Humboldt-Stiftung,Beca Fundación Alexander von Humboldt-Stiftung,Alemania,Fundación Alexander von Humboldt – Stiftung de Alemania.,Varias áreas,Presencial,2026-03-01,
Postdoctoral,Fundación Heinrich Böll,Becas Heinrich Böll – Alemania,Alemania,Fundación Heinrich Böll,Varias áreas,Presencial,2026-03-01,
Pregrado,Universidad de Toronto,Becas Completas Lester B. Pearson en la Universidad de Toronto – Canadá 2025,Canadá,"Universidad de Toronto, Canadá.",Varias áreas,Presencial,2024-11-15,
Pregrado/Maestría,Minerva Foundation,Minerva Scholarship Fund,Holanda,Universidad de Leiden,"Arqueología, ciencias socuiales, sciecias puras",Presencial,2026-04-15,
Maestría / Doctorado,Departamento de Educación y Capacitación de la Commonwealth,Becas Completas de la Universidad Nacional de Australia 2025,Australia,Universidad Nacional de Australia,Varias áreas,Presencial,2026-04-15,
Investigación,Gerda Henkel Stiftung,"Beca de Investigación de la Fundación Gerda Henkel, 2025",Alemania,Gerda Henkel Stiftung,Arqueologia y Arte,Presencial,2026-05-28,
Formación,La Universidad Europea del Atlántico,Becas para estudiantes internacionales UNEATLANTICO,España,La Universidad Europea del Atlántico,Varias áreas,Presencial,2026-10-15,
Maestría,La Universidad Tsinghua en Beijing,Beca completa Schwarzman 2024,China,Universidad Tsinghua en Beijing,"Humanidades, Estudios internacionales,  Economía y negocios",Presencial,2026-09-01,
Maestría,DAAD,Detalles de la Beca DAAD EPOS,Alemania,Hochschule für Technik und Wirtschaft Berlin (HTW),Varias áreas,Presencial,2026-09-30,
Formación,Fundación Friedrich Ebert Stiftung,Becas Friedrich Ebert Stiftung,Alemania,Universidades y colegios técnicos vinculados a Friedrich Ebert Stiftung,Varias áreas,Presencial,2026-05-31,
Maestría,Leiden Law School,Leiden University Excellence Scholarship (LExS),Paises Bajos,Leiden Law School,Arqueologia y Humanidades,Presencial,2026-02-01,
Maestría,El Ministerio de Educación Superior de Malasia,Beca en Malasia 2025 completa para latinos,Malasia,Programa de Cooperación Técnica de Malasia (MTCP),Varias áreas,Presencial,2025-06-13,
Formación,Educations.com,Beca Mujeres para estudiantes internacionales,Varios,Varias,Varias áreas,Presencial,2026-08-28,
Pregrado/Posgrado,Maryville University,"Presidential Scholarship, Maryville University",Estados Unidos,Maryville University,Varias áreas,Presencial,2026-12-01,
Maestría / Doctorado,Gobierno de Singapur,SINGAPORE INTERNATIONAL GRADUATE AWARD (SINGA),Singapur,"Agencia de Ciencia, Tecnología e Investigación de Singapur – Institutos suscritos a SINGA.","Ciencias, investigación y tecnologías",Presencial,2026-03-01,
Pregrado,La Universidad de Simmons,Beca Kotzen en Estados Unidos Para Latinos,Estados Unidos,La Universidad de Simmons,Varias áreas,Presencial,2026-12-01,
Pregrado,Boise State University,Becas para estudiantes internacionales de pregrado,Estados Unidos,Admisiones internacionales,Varias áreas,Presencial,2025-12-15,
Capacitación,Latin America Leadership Program de Georgetown University,Becas Programa de liderazgo en Georgetown - Estados Unidos,Estados Unidos,McDonough School of Business Office of Executive Education,Varias áreas,Virtual,2026-08-15,
Formación,Universidad de Yale,Beca en Estados Unidos – Universidad de Yale,Estados Unidos,Universidad de Yale,"Agronomía, Artes y Humanidades, Ciencias Naturales y Exactas, Salud,Computación, Administración,Ingeniería, Manufactura y Construcción",Presencial,2024-12-15,
Pregrado,ADMISSIONS,New York Tech Scholarships,Estados Unidos,Instituto Tecnología de Nueva York,Varias áreas,Presencial,2026-05-15,
Maestría,McCall MacBain,Becas McCall MacBain para estudios de maestría en McGill University en Canadá,Canadá,McGill University,Varias áreas,Presencial,Abren en Junio de 2026,
Posgrado,Universidad de Tecnología de Swinburne,Australia Awards Scholarship,Australia,Universidad de Tecnología de Swinburne,Varias áreas,Presencial,2026-04-01,
Maestría,Escuela Politécnica Federal de Lausanne,Beca de Maestría EPFL en Suiza,Suiza,École Polytechnique Fédérale de Lausanne,Varias áreas,Presencial,2026-03-31,
Posgrado,Universidad de Dayton,Becas de la Universidad de Dayton en Estados Unidos,Estados Unidos,Universidad de Dayton,Varias áreas,Presencial,2026-05-01,
Investigación,Abel Visiting Scholar,Abel Visiting Scholar,Alemania,Abel Visiting Scholar,Matemáticas,Presencial,2025-04-30,
Maestría,Universidad Tecnológica de Viena,Becas Helmut Veith en Austria para Mujeres,Austria,Universidad Tecnológica de Viena,Informatica y Computación,Presencial,2025-11-30,
Pregrado/Posgrado,Bangor University,Deans Scholarship,Reino Unido,Bangor University,Varias áreas,Presencial,2026-06-30,
Posgrado,La Universidad Americana del Cairo (AUC),Beca completa AUC en Egipto para latinos,Egipto,La Universidad Americana del Cairo (AUC),Varias áreas,Presencial,2026-05-03,
Maestría,Universidad Internacional de Japón.,Beca completa IUJ en Japón,Japón,Universidad Internacional de Japón.,Varias áreas,Presencial,2026-01-25,
Pregrado,La Universidad de Winnipeg,Becas de la Universidad de Winnipeg en Canadá,Canadá,La Universidad de Winnipeg,"Biologia, Informatica y computación",Presencial,2026-02-01,
Pregrado / Maestría,El Ministerio de Educación de Corea,Becas Completas GKS 2024 en Corea del Sur,Corea del Sur,Universidades Coreanas,Varias áreas,Presencial,2026-09-01,
Posdoctoral,Alexander von Humboldt Foundation.,"Becas Georg Forster Research Fellowship, 2024",Alemania,Universidades Alemanas,Investigación,Presencial,2026-10-01,
Posgrado,OEA,"Becas OEA - Rowe Fund Student Loan program, 2024",Estados Unidos,Universidades de EEUU,Varias áreas,Presencial,Todo el año-5to dia de cada mes,
Pregrado,Simmons University,"Becas Simmons Distinguished Scholar Award de la Universidad Simmons, en Estados Unidos, 2025",Estados Unidos,Simmons University,Varias áreas,Presencial,2026-12-01,
Maestría / Doctorado,Universidad de Hohai,Beca de Maestría y Doctorado Completa CSC China,China,Universidad de Hohai,Varias áreas,Presencial,2026-04-30,
Maestría,Erasmus Mundus,Master of Science Programme,"Austria, Alemania, Países Bajos",Varias Universidades,"Cartografìa, geologìa, geoinformàtica",Presencial,2026-05-31,
Pregrado,Miami University,"Beca Presidential Fellows - Miami University, 2024",Estados Unidos,Miami University,Varias áreas,Presencial,2026-12-01,
Maestria,La Fundación Boustany y la Escuela de negocios de la Universidad Harvard,"Becas Boustany MBA Scholarship en la Universidad de Harvard, 2025",Estados Unidos,Escuela de negocios de la Universidad Harvard,"Ciencias sociales, administración",Presencial,2027-05-31,
Pregrado,Stamps Family Charitable Foundation,"Beca Stamps Scholarship de la Universidad de Miami, 2025",Estados Unidos,University of Miami,Varias áreas,Presencial,2026-11-01,
Posgrado,Universidad de Pisa,"Becas del Proyecto Inclinados de la Universidad de Pisa, Italia, 2024",Italia,Universidad de Pisa,Varias áreas,Presencial,2025-05-31,
Posgrado,Gobierno de la República Eslovaca,"Becas National Scholarship Programme NSP del Gobierno de la República Eslovaca, 2024",Eslovaquia,Universidades Eslavas,Varias áreas,Presencial,2026-04-30,
Pregrado,University of New Haven,Scholarships for International Students,Estados Unidos,Varias,Varias áreas,Presencial,2026-05-01,VIGENTE
Investigación,La Escuela de Posgrado de OIST,"Programa de prácticas de investigación en OIST - Japón, 2024",Japón,Escuela de Posgrado de la Okinawa Institute of Science and Technology,Varias áreas,Presencial,2026-03-31,
Maestría,University of Auckland,University of Auckland International Business Masters Scholarship,Nueva Zelanda,Varias,Negocios,Presencial,2026-05-27,VIGENTE
Doctorado,Deakin University,Warrnambool Campus International Bursary,Australia,Varias,Varias áreas,Presencial,2028-07-01,VIGENTE
Maestría,Universidad del Valle de Fraser,Becas de la Universidad del Valle de Fraser en Canadá,Canadá,Universidad del Valle de Fraser,Varias áreas,Presencial,Abierta todo el año,
Formación,Curtin University,Australia Awards Scholarships (AAS),Australia,Curtin University,"Ciencias Puras y Aplicadas, Negocios, Administración",Presencial,Abierta todo el año,
Formación,Canadian Imperial College,Becas del Canadian Imperial College en Canadá,Canadá,Canadian Imperial College,Varias áreas,Presencial,Abierta todo el año,
Formación,Finnish National Agency for Education,EDUFI Fellowship,Finlandia,Varias Universidades,Varias áreas,Presencial,2025-10-17,VIGENTE
Maestría,Universidad de Radboud,Radboud Scholarship Programme,Holanda,Universidad de Radboud,"Biología, Química, Ciencias de la Computación, Matemáticas",Presencial,2026-01-31,
Maestrías,Agencia de Cooperación Internacional de Corea - KOICA,2023 KOICA Scholarship Program,Corea,Depende del área seleccionada,"agricultura, economía, comunicación, salud, desarrollo urbano, TI, cambio climático",Presencial,2025-11-06,
Pasantía,El Banco Mundial (The World Bank).,"Becas World Bank Winter Internship Program, 2025-1",Estados Unidos,Varias,"Ciencias sociales, administración y derecho",Presencial,2026-02-17,
Pregrado,McMaster University,Dean's Global Distinction Scholarship,Canadá,Varias,Varias áreas,Presencial,2026-02-19,
Maestría,Unión Europea,Erasmus+ Master Degree Scholarships,Europa,Varias universidades,"Agro, Art, Chemistry, Economic sciences, Education, Enviromental and geosciences, Geo, History, Physics,  Information Science and Engineering, Information technology, Law, Life sciences, Literature, Mathematics, Med,, Political sciences, Psycology.",Presencial,Depende del programa (Enero o Agosto),
Maestría,Unión Europea,International masters programmes,Países Bajos,University Rotterdam,"Auditoría, administración, economía, arte y cultura.",Presencial,Depende del programa (usualmente en mayo),
Formación,Trent University,Trent University Entrance Scholarships,Canadá,Trent University,Varias áreas,Presencial,2026-04-01,
Formación,DAAD (Globo Común),Development-Related Postgraduate Courses (EPOS) 2024-2025,Alemania,Varias universidades,"Ciencias Económicas, Administración de Empresas, Economía Política, Cooperación para el desarrollo, Ingeniería y Ciencias Afines, Planificación Regional y Urbana, Ciencias Agrícolas y Forestales, Ciencias Naturales y Ambientales, Medicina, Salud Pública, Ciencias Sociales, Educación y Derecho, Estudios de Medios.",Presencial,2026-05-01,
Pregrado / Maestría,Stamps Scholars Program,"Becas Stamps Scholars, 2024",Estados Unidos,Universidades y centros académicos en Estados Unidos y el Reino Unido,Varias áreas,Presencial,Enero o Diciembre - Depende de la universidad,
Formación,The University of Queensland,Programa de becas de la UQ,Australia,The University of Queensland,Varias áreas,Presencial,Todo el año-Depende del programa,
Pregrado,Escuela de Negocios e Innovación de Berlín,Fundación beca,Alemania,Varias,Ciencias sociales y humanidades,Presencial,Abril o Octubre -Depende del programa,
Pregrado,Escuela de Negocios GISMA,Fundación beca,Alemania,Varias,Ciencias sociales y humanidades,Presencial,Abril o Octubre -Depende del programa,
Doctorado,Faculty of Health and Medical Sciences,PhD fellowship in epitope based malaria vaccine development at Department of Immunology and Microbiology,Dinamarca,Universidad de Copenhague,Medicina,Presencial,2026-03-16,
Doctorado,Universidad de Edimburgo,Becas de Doctorado en Revisiones de Asma,Reino Unido,Proyectos de investigación de doctorado,Varias áreas,Presencial,Depende del programa (Entre enero y febrero),
Pregrado,Chatham University,Beca de Pregrado en Diversas Áreas,Estados Unidos,Chatham University,Varias áreas,Presencial,Junio a Diciembre -Depende del programa,
Pregrado,New Brunswick Community College,Beca NBCC Foundation Awards,Canadá,Becas y premios,Varias áreas,Presencial,Agosto a Octubre-Depende del programa,
Pregrado,Massey University,Scholarships and awards,Nueva Zelanda,Varias,Varias áreas,Presencial,Todo el año,
Pregrado,The Pennsylvania State University,Penn State Education Abroad Scholarships,Estados Unidos,Varias,Varias áreas,Presencial,2026-07-15,
Pregrado,La Universidad de Stirling,Becas para estudios de Pregrado en la Universidad de Stirling en Escocia,Reino Unido,La Universidad de Stirling,Varias áreas,Presencial,Septiembre de 2025 o enero de 2026,
Pasantías,Programa de investigación para estudiantes visitantes,Pasantías KAUST VSRP 2024,Arabia Saudita,Universidad de Ciencia y Tecnología Rey Abdullah,Varias áreas,Presencial,Todo el año,
Posgrado,Asociación Universitaria Iberoamericana de Postgrado (AUIP),"Programa de Movilidad Académica entre Instituciones Asociadas a la AUIP, 2024-2",Países de América Latina,Asociación Universitaria Iberoamericana de Postgrado (AUIP),"Agronomía y veterinaria, Artes y Humanidades, Ciencias Naturales, Exactas y de la Computación, Ciencias Sociales, Administración y Derecho , Educación, Ingeniería, Manufactura y  Construcción , Salud, Servicios",Presencial,2026-10-31,
Maestría,OEA Brasil,Programa de Becas y Capacitación de la OEA,Países de América Latina y europa,Varias Universidades,Varias áreas,Presencial,2026-04-29,
Maestría,École Normale Supérieure,ETS INTERNAL,Canadá,Varias,Ingeniería,Presencial,2026-01-26,VIGENTE
Maestría,DAAD,Development-Related Postgraduate Courses (EPOS),Alemania,Varias Universidades,"Economic Sciences/Business Administration/Political Economics/, Development Cooperation, Engineering and Related Sciences, Regional and Urban Planning, Agricultural and Forest Sciences, Natural and Environmental Sciences, Medicine/Public Health, Social Sciences, Education and Law, Media Studies",Presencial,2026-03-01,
Posgrado,University of Salford,Salford International Excellence Award,Reino Unido,Varias,Varias áreas,Presencial,"Se abre el 25 de Septiembre, no tiene fecha límite pero se debe aplicar lo más pronto posible",
Postgrado,Universidad de Queensland,UQ Vice-Chancellor’s Scholarship,Australia,varias,Varias áreas,Presencial,2026-11-01,
Pregrado,James Cook University,International Excellence Scholarship,Australia,Varias,Varias áreas,Presencial,Se evalúa automáticamente cuando se recibe la solicitud.,
Maestría,FUNIBER / UNEATLANTICO,Lanzamiento de los nuevos programas en diversas áreas de maestrías,España,Varias,Varias áreas,Presencial,Sin limite de fecha,VIGENTE
Doctorado,FUNIBER / UNEATLANTICO,Lanzamiento de los nuevos programas en diversas áreas de doctorado,España,Varias,Varias áreas,Presencial,Sin limite de fecha,VIGENTE
Pregrado,Hawai‘i Pacific University,INTERNATIONAL SCHOLARSHIPS (HPU ACADEMIC MERIT SCHOLARSHIPS),Estados Unidos,Varias,Varias áreas,Presencial,Son evaluados el día que envíen la solicitud,
Pasantía,OIST,OIST Internship Program,Japón,OIST Graduate School,"Pasantías, Investigación",Presencial,2026-03-31,
Posgrado,Instituto de Ciencia y Tecnología de Gwangju (GIST),Beca global GIST 2024,Corea del Sur,Instituto de Ciencia y Tecnología de Gwangju (GIST),"Ingenierías, ciencias de la vida, Química",Presencial,2026-04-10,
Posgrado,Gobierno Suizo,Becas de Excelencia del Gobierno Suizo (SGS),Suiza,Universidades Cantonales y Universidades de Arte,Artes y ciencias,Presencial,2026-10-28,
Posgrado,Universidad de Melbourne,Becas de la Universidad de Melbourne,Australia,Universidad de Melbourne,Varias áreas,Presencial,2026-10-31,
Maestría,Reino Unido,Becas Chevening 2025,Reino Unido,Universidades de Reino Unido,Varias áreas,Presencial,2024-11-05,
Formación,Gobierno de Italia,"Becas DSU del Gobierno de Italia 2025, Politecnico Di Milano",Italia,Politecnico Di Milano,Varias áreas,Presencial,2024-11-05,
Formación,Gobierno de Italia,"Becas DSU del Gobierno de Italia 2025, Universidad de Milán",Italia,Universidad de Milán,Varias áreas,Presencial,2024-09-30,
Maestría / Doctorado,La Universidad de Jilin y el Gobierno de China (CSC),Beca Jilin CSC completa,China,Universidad de Jilin,Varias áreas,Presencial,2026-03-01,
Maestria,Programa internacional de becas mundiales VLIR-UOS,Becas VLIR-UOS en Bélgica,Bélgica,Universidades o instituciones de Bélgica suscritas al programa VLIR-UOS,Varias áreas,Presencial,2026-02-28,
Capacitación,La Escuela de Verano del Biocentro de Viena,Becas de Verano del Vienna Biocenter,Austria,Vienna Biocenter Summer (VBC),Ciencias de la vida,Presencial,2026-01-11,
Formación,King’s College London,Becas del King’s College London,Reino Unido,King’s College London,Ciencias de la vida,Presencial,2026-04-24,
Pasantías,Instituto Max Planck en Múnich,Pasantía Max Planck 2025,Alemania,Instituto Max Planck en Múnich,"Ciencias de la computación, informatica",Presencial,2026-11-01,
Pregrado,Universidad de Alaberta,General International Undergraduate Scholarships,Canadá,Universidad de Alaberta,Varias áreas,Presencial,2027-01-10,
Doctorado,Universidad Católica de Australia,Beca en Australia completa ACU,Australia,Universidad Católica de Australia,Varias áreas,Presencial,2026-03-01,
Pregrado,Universidad de Dayton,Becas de la Universidad de Dayton para Empoderar a Estudiantes,Estados Unidos,Universidad de Dayton,"Artes y Ciencias, Administración, Ingeniería y Ciencias de la Salud",Presencial,2026-05-01,
Postgrado,Universidad Charles Darwin en Australia,Becas para Maestrías y Doctorados en la Universidad Charles Darwin en Australia,Australia,Universidad Charles Darwin en Australia,"Contabilidad, Economía, Ingeniería, Ciencias Humanas y Sociales
Tecnología de la Información e Ingeniería de Redes y salud",Presencial,2024-09-30,
Formación,Instituto Reuters para el Estudio del Periodismo de la Universidad de Oxford,Beca Completa REUTERS 2025,Reino Unido,Instituto Reuters para el Estudio del Periodismo de la Universidad de Oxford,"Comunicación, Periodismo",Presencial,2026-02-13,
Pasantías,El Consejo Nacional de Ciencia y Tecnología (NSTC) de Taiwán,Pasantía completa NSTC en Taiwán 2025,Taiwán,Consejo Nacional de Ciencia y Tecnología (NSTC),Ciencia y tecnología,Presencial,2026-09-15,
Maestria,El Máster Europeo para la Industria en Electrónica de Microondas y Fotónica (EMIMEP),Beca en Europa Erasmus Mundus 2025,Europa,"Universidad de Limoges (Francia), Universidad de Brescia (Italia), Universidad del País Vasco (España), Universidad Friedrich Schiller de Jena (Alemania).","Electrónica., Telecomunicaciones, Fotónica, Física Aplicada.",Presencial,2026-03-13,
Maestría / Doctorado,Gobierno de Irlanda,Becas HEA del Gobierno de Irlanda,Irlanda,Autoridad de Educación Superior (HEA),Varias áreas,Presencial,2026-03-02,
Formación,Gobierno de Finlandia,Becas Completas del Gobierno de Finlandia,Finlandia,Universidades de Finlandia,"Agricultura, silvicultura, pesca y veterinaria.",Presencial,Inicios de enero y antes de septiembre,
Pregrado,Universidad de Bristol,Becas Think Big de la Universidad de Bristol,Reino Unido,Universidad de Bristol,Varias áreas,Presencial,2026-04-10,
Maestría,Universidad de Bristol,Becas Think Big de la Universidad de Bristol,Reino Unido,Universidad de Bristol,Varias áreas,Presencial,2026-04-10,
Doctorado,Universidad Victoria de Wellington,Beca Completa de Doctorado Wellington,Nueva Zelanda,Universidad Victoria de Wellington,Varias áreas,Presencial,2026-03-01,
Pregrado,Douglas College,Becas Douglas College,Canadá,Douglas College,Varias áreas,Presencial,2026-05-31,
Formación,Universidad de Pécs,Beca Completa Stipendium Hungaricum,Hungría,Universidad de Pécs,Varias áreas,Presencial,2025-01-15,
Maestría,Instituto Sueco (SI),Becas Completas del Instituto Sueco (SI),Suecia,Instituto Sueco (SI),Varias áreas,Presencial,2026-02-25,
Pasantía,Fundación Amgen,Pasantía Completa Amgen UTokyo 2025,Japón,Universidad de Tokyo,Biología y Ciencias,Presencial,2026-02-01,
Formación,Gobierno de Hungría,Becas Stipendium Hungaricum,Hungría,University of Debrecen y otras instituciones de educación superior,Varias áreas,Presencial,2025-01-15,
Maestría / Doctorado,Instituto de Tecnología Harbin,Beca Completa HIT CSC,China,Instituto de Tecnología Harbin,Varias áreas,Presencial,2026-02-20,
Maestría / Doctorado,Instituto de Tecnología de Beijing (BIT),Beca Completa BIT CSC,China,Instituto de Tecnología de Beijing (BIT),Varias áreas,Presencial,2025-06-15,
Formación,Universidad de Ciencia y Tecnología de China (USTC),Becas Completas USTC,China,Universidad de Ciencia y Tecnología de China (USTC),Varias áreas,Presencial,2026-03-31,
Maestría,Fundación Heinrich Böll,Becas Completas Fundación Heinrich Böll,Alemania,Fundación Heinrich Böll,Varias áreas,Presencial,2026-03-01,
Maestría,BI Norwegian Business School,Beca Presidencial BI,Noruega,BI Norwegian Business School,Varias áreas,Presencial,2026-03-01,
Maestría,Universidad de Ámsterdam,Becas de la Universidad de Ámsterdam,Holanda,Universidad de Ámsterdam,Varias áreas,Presencial,2025-05-01,
Maestría / Doctorado,Ministerio de Europa y Asuntos Exteriores de Francia,Beca France Excellence Eiffel,Francia,Campus France,"Biología, Ingenierías, Ciencias Sociales y Economía.",Presencial,2026-12-01,
Doctorado / investigación,Ministerio de Relaciones Exteriores de la República de China,Becas Taiwán Fellowship,Taiwán,Universidades de Taiwán,"Artes, Humanidades, Ciencias Sociales, Administración y Derecho",Presencial,2026-06-30,
Maestría,Boustany Foundation,Becas Boustany MBA Scholarship en la Universidad de Harvard,Estados Unidos,Harvard Business School,"Ciencias Sociales, Administración y Derecho",Presencial,2027-05-31,
Maestría,Universidad Americana de El Cairo (AUC),Becas de maestría en la Universidad Americana de El Cairo,Egipto,Universidad Americana de El Cairo (AUC),Varias áreas,Presencial,2026-05-03,
Investigación,Fundación Arquia y la Real Academia de Bellas Artes de San Fernando,Beca de Investigación en Nueva York,Estados Unidos,Real Academia de Bellas Artes de San Fernando,"Ingeniería, Manufactura y Construcción",Presencial,2025-03-28,
Doctorado,Leeds University Business School,Becas de Excelencia para Doctorado de la Leeds University Business School,Reino Unido,Leeds University Business School,"Ciencias Sociales, Administración y Derecho",Presencial,2026-03-31,
Maestría / Doctorado,Gobierno de Taiwán,Becas del Gobierno de Taiwán - ICDF,Taiwán,Universidades de Taiwán,Varias áreas,Presencial,2026-03-15,
Capacitación,Fullbright,Programa Fulbright de Excelencia en Enseñanza para Profesores de Secundaria,Estados Unidos,Universidadades anfitrionas,Varias áreas,Presencial,2026-01-21,
Capacitación,Fullbright,Programa Hubert H. Humphrey,Estados Unidos,Universidadades anfitrionas,Varias áreas,Presencial,2026-06-17,
Maestría,IEXE Universidad,Becas Internacionales para Programas de Maestrías otorgados por IEXE Universidad,México,IEXE Universidad,Varias áreas,Virtual,7 DE CADA MES,
Maestría,Fundación Carolina,Becas Máster Estudios de Género y Desarrollo Profesional,España,Universidad de Sevilla,Estudios de Género y Desarrollo Profesional,Presencial,2025-03-12,
Maestría,Fundación Juan Esplugues,Becas Iniciación Investigación Fundación Juan Esplugues,España,Universidad de Valencia,"Biotecnología, Biología",Presencial,2026-06-01,
Investigación,"Instituto de Ciencias de la Computación, Inteligencia Artificial y Tecnología (INSAIT)",Programa de investigación INSAIT,Bulgaria,"Instituto de Ciencias de la Computación, Inteligencia Artificial y Tecnología (INSAIT)","Ciencias de la Computación, Inteligencia Artificial,Tecnología, Matemáticas YFísica.",Presencial,2025-01-03,
Maestría,Rosa-Luxemburg-Stiftung,Becas Internacionales de la Rosa-Luxemburg-Stiftung,Alemania,Rosa-Luxemburg-Stiftung,Varias áreas,Presencial,2026-10-01,
Doctorado,Rosa-Luxemburg-Stiftung,Becas Internacionales de la Rosa-Luxemburg-Stiftung,Alemania,Rosa-Luxemburg-Stiftung,Varias áreas,Presencial,2026-10-01,
Formación/intercambio,"Ministerio de Educación, Investigación, Desarrollo y Juventud de la República Eslovaca",Programa Nacional de Becas de la República Eslovaca para 2025,Eslovaquia,Universidades Eslovacas,Varias áreas,Presencial,2026-04-30,
Posgrado,Fundación Carolina,"Becas de la Fundación Carolina, 2025-2026",España,Instituciones Españolas,Varias áreas,Presencial,2026-01-12,
Pregrado,Universidad de Jaén,Convocatoria Programa de Becas de Atracción del Talento para estudios de Grado - 2025/2026,España,Universidad de Jaén,Varias áreas,Presencial,2026-03-01,
Maestría,Universidad de Jaén,Convocatoria Programa de Becas de Atracción del Talento para estudios de Máster - 2025/2026,España,Universidad de Jaén,Varias áreas,Presencial,2026-02-15,
Posgrado,Fundación Fulbright,Programa de Becas Fulbright Maestrías y Doctorados,Estados Unidos,Universidades Estadounidenses,Varias áreas,Presencial,2025-03-10,
Capacitación,Fundación Fulbright,Programa Hubert H. Humphrey,Estados Unidos,Fundación Fulbright,Varias áreas,Presencial,2026-06-17,
Formación,Gobiero de nueva Zelanda,Manaaki New Zealand International Scholarship (ANUAL),Nueva Zelanda,Universidades de Nueva Zelanda,Varias áreas,Presencial,2025-02-28,
Pregrado / Maestría,Griffith University,Griffith Vice Chancellor's International Scholarship,Australia,Griffith University,Varias áreas,Presencial,2026-04-11,
Pregrado / Maestría,University of the new Soul Wales,UNSW Scholarships for International Students,Australia,University of the new Soul Wales,Varias áreas,Presencial,2026-01-16,
Maestría,Université Paris-Saclay,Université Paris-Saclay International Master´s Scholarship,Francia,Université Paris-Saclay,Varias áreas,Presencial,2025-05-09,
Maestría,IOE,IOE Centenary Masters Scholarship,Reino Unido,IOE,Varias áreas,Presencial,2026-05-04,
Pregrado,Illinois Wesleyan University,Scholarships & Financial Aid for International Students of Illinois Wesleyan University,Estados Unidos,Illinois Wesleyan University,Varias áreas,Presencial,2026-03-01,
Maestría,United Nations University,Japan Foundation for UNU (jfUNU) Scholarship,Japón,United Nations University,Varias áreas,Presencial,2026-03-01,
Pregrado / Maestría,The University of Adelaide,Global Academic Excellence 50% International Scholarship,Australia,The University of Adelaide,Varias áreas,Presencial,2025-05-31,
Maestría,The World Bank group,World Bank Scholarships Program,Varios paises,"Varias universidades de U.S.A, Europa, Africa, Oceania y Japon",Varias áreas,Presencial,2026-05-29,
Maestría,Warwick University,Warwick Undergraduate Global Excellence Scholarship,Reino Unido,Warwick University,Varias áreas,Presencial,2026-03-27,
Pregrado / Maestría,University of Bristol,Think Big Undergraduate Awards,Reino Unido,University of Bristol,Varias áreas,Presencial,2026-04-10,
Doctorado,KU Leuven,KU Leuven Global Minds Doctoral Scholarships Programme,Bélgica,KU Leuven,Varias áreas,Presencial,2026-02-27,
Pregrado,University College London,UCL Global Undergraduate Scholarship,Reino Unido,University College London,Varias áreas,Presencial,2026-04-27,
Maestría,University of Nottingham,Developing Solutions Masters Scholarship,Reino Unido,University of Nottingham,Varias áreas,Presencial,2026-04-15,
Maestría,VLIR-UOS ICP,Study Scholarships,Bélgica,VLIR-UOS ICP,Varias áreas,Presencial,2026-02-28,
Pregrado,York University,York University Scholarship for international Students,Canadá,York University,Varias áreas,Presencial,2026-02-18,
Maestría,Universidad de Twente,University of Twente Scholarship (UTS),Paises Bajos,Universidad de Twente,Varias áreas,Presencial,2026-05-01,
Maestría,Utrecht University,Utrecht Excellence Scholarships,Paises Bajos,Utrecht University,Varias áreas,Presencial,2026-02-01,
Maestría,Maastricht University,Maastricht University NL-High Potential scholarship,Paises Bajos,Maastricht University,Varias áreas,Presencial,2026-02-01,
Pregrado / Maestría,Sciences Po University,The Émile Boutmy scholarship,Francia,Sciences Po University,Varias áreas,Presencial,2026-01-20,
Maestría,Leiden University,Leiden University Excellence Scholarship,Paises Bajos,Leiden University,Varias áreas,Presencial,2026-02-02,
Pregrado,University of Calgary,University of Calgary International Entrance Scholarship,Canadá,University of Calgary,Varias áreas,Presencial,2026-03-01,
Pregrado / Maestría,University of Auckland,University of Auckland International Student Excellence Scholarship,Nueva Zelanda,University of Auckland,Varias áreas,Presencial,2026-02-19,
Pregrado / Maestría,University of Wellington,Tongarewa International Scholarship,Nueva Zelanda,University of Wellington,Varias áreas,Presencial,2025-08-01,
Maestría / Doctorado,Heinrich Böll Foundation,The Heinrich Böll Foundation International Students Scholarship,Alemania,Universidades Alemanas,Varias áreas,Presencial,2026-03-01,
Pregrado,The École Polytechnique Fédérale de Lausanne,Bachelor excellence fellowships,Suiza,The École Polytechnique Fédérale de Lausanne,Varias áreas,Presencial,2026-04-30,
Maestría,The École Polytechnique Fédérale de Lausanne,Masters excellence fellowships,Suiza,The École Polytechnique Fédérale de Lausanne,Varias áreas,Presencial,2026-03-31,
Doctorado,Konrad Adenauer (KAS),Beca completa KAS Canadá 2025,Canadá,Universidad de Carleton,"Relaciones Transatlánticas, Ciencias Políticas, Derecho o Economía.",Presencial,2026-02-27,
Maestria/Doctorado,Universidade de Santa Cruz do Sul (UNISC),Becas de Posgrado de UNISC,Brasil,Universidade de Santa Cruz do Sul,"Areas de Economia,Educacion, Derecho y Tecnologia Ambiental",Presencial,2026-05-31,
